{
  "mean_similarity_score": 1.0,
  "mean_comprehensiveness_score": 0.6682539682539683,
  "mean_groundedness_score": 0.7690821256038647,
  "total_company_number": 1.0
}