groundedness_score,comprehensiveness_score,similarity_score
0.0,0.8888888888888888,0.8
0.0,1.0,0.8
0.5,0.9285714285714286,0.8
0.6666666666666666,0.7619047619047619,1.0
0.5,1.0,1.0
1.0,1.0,0.8
0.0,1.0,0.8
0.0,0.875,0.8
0.75,1.0,1.0
0.0,1.0,1.0
0.5833333333333333,0.9375,0.9
0.9090909090909092,1.0,0.8
