{
  "comp_mean_similarity_score": 0.9521739130434782,
  "comp_mean_comprehensiveness_score": 0.5706119162640902,
  "comp_mean_groundedness_score": 0.5492048611613829,
  "categ_mean_similarity_score": 0.9605947955390334
}