{
  "comp_mean_similarity_score": 0.9333333333333332,
  "comp_mean_comprehensiveness_score": 0.713469015552349,
  "comp_mean_groundedness_score": 0.6533528433237735,
  "categ_mean_similarity_score": 0.9531598513011151
}