{
  "mean_similarity_score": 1.0,
  "mean_comprehensiveness_score": 0.6323809523809524,
  "mean_groundedness_score": 0.7603864734299516,
  "total_company_number": 1.0
}