{
  "comp_mean_similarity_score": 0.9791666666666666,
  "comp_mean_comprehensiveness_score": 0.6802899636507093,
  "comp_mean_groundedness_score": 0.4944323788073788,
  "categ_mean_similarity_score": 0.9434944237918216
}