{
  "mean_similarity_score": 1.0,
  "mean_comprehensiveness_score": 0.6304761904761904,
  "mean_groundedness_score": 0.7603864734299516
}