{
  "mean_similarity_score": 1.0,
  "mean_comprehensiveness_score": 0.6095238095238095,
  "mean_groundedness_score": 0.7690821256038647
}