{
  "comp_mean_similarity_score": 0.9833333333333334,
  "comp_mean_comprehensiveness_score": 0.6574702222728538,
  "comp_mean_groundedness_score": 0.5920009936457303,
  "categ_mean_similarity_score": 0.9505576208178438
}