{
  "mean_similarity_score": 0.4600000000000001,
  "mean_comprehensiveness_score": 0.2777777777777778,
  "mean_groundedness_score": 0.3
}