{
  "mean_similarity_score": 0.4600000000000001,
  "mean_comprehensiveness_score": 0.24571428571428572,
  "mean_groundedness_score": 0.3,
  "data_length": 5.0
}