{
  "comp_mean_similarity_score": 0.9217391304347827,
  "comp_mean_comprehensiveness_score": 0.5318322981366459,
  "comp_mean_groundedness_score": 0.5449179586230626,
  "categ_mean_similarity_score": 0.9501858736059481
}