{
  "comp_mean_similarity_score": 0.9083333333333333,
  "comp_mean_comprehensiveness_score": 0.6287757482932922,
  "comp_mean_groundedness_score": 0.4004765795206972,
  "categ_mean_similarity_score": 0.9416356877323421
}