{
  "comp_mean_similarity_score": 0.9541666666666666,
  "comp_mean_comprehensiveness_score": 0.5282141855058521,
  "comp_mean_groundedness_score": 0.5948219989886656,
  "categ_mean_similarity_score": 0.9557620817843867
}